query,user,ip
SELECT id FROM reviews WHERE id=470,alice,192.168.1.48
SELECT user_id FROM reviews WHERE id=837,bob,192.168.1.58
SELECT price FROM logs WHERE id=979,svc,10.0.0.17
SELECT email FROM products WHERE id=20,alice,10.0.0.25
SELECT status FROM logs WHERE id=89,analyst,192.168.1.38
SELECT created_at FROM logs WHERE id=553,admin,192.168.1.29
SELECT email FROM logs WHERE id=624,alice,192.168.1.35
SELECT price FROM orders WHERE id=575,svc,192.168.1.50
SELECT user_id FROM logs WHERE id=618,admin,10.0.0.27
SELECT email FROM reviews WHERE id=767,analyst,192.168.1.50
SELECT email FROM products WHERE id=869,bob,192.168.1.42
SELECT created_at FROM reviews WHERE id=473,guest,192.168.1.38
SELECT name FROM sessions WHERE id=837,charlie,10.0.0.8
SELECT price FROM inventory WHERE id=269,charlie,192.168.1.58
SELECT email FROM logs WHERE id=808,alice,10.0.0.2
SELECT user_id FROM products WHERE id=750,svc,192.168.1.34
SELECT email FROM users WHERE id=690,alice,10.0.0.5
SELECT user_id FROM users WHERE id=406,admin,192.168.1.31
SELECT price FROM users WHERE id=794,charlie,10.0.0.10
SELECT status FROM sessions WHERE id=714,charlie,192.168.1.17
SELECT created_at FROM sessions WHERE id=345,svc,10.0.0.7
SELECT price FROM inventory WHERE id=840,admin,192.168.1.40
SELECT id FROM logs WHERE id=417,analyst,192.168.1.51
SELECT status FROM products WHERE id=973,guest,192.168.1.37
SELECT id FROM orders WHERE id=944,alice,192.168.1.40
SELECT status FROM sessions WHERE id=993,svc,10.0.0.21
SELECT status FROM reviews WHERE id=253,admin,192.168.1.43
SELECT created_at FROM logs WHERE id=993,svc,192.168.1.35
SELECT created_at FROM sessions WHERE id=529,svc,10.0.0.14
SELECT status FROM sessions WHERE id=142,analyst,10.0.0.28
SELECT price FROM logs WHERE id=378,admin,192.168.1.59
SELECT status FROM inventory WHERE id=98,alice,10.0.0.13
SELECT created_at FROM sessions WHERE id=176,admin,192.168.1.12
SELECT price FROM logs WHERE id=302,bob,10.0.0.9
SELECT status FROM logs WHERE id=938,charlie,192.168.1.12
SELECT id FROM products WHERE id=215,alice,192.168.1.26
SELECT email FROM logs WHERE id=754,admin,192.168.1.39
SELECT created_at FROM orders WHERE id=903,admin,10.0.0.20
SELECT user_id FROM products WHERE id=502,analyst,192.168.1.30
SELECT status FROM products WHERE id=11,admin,192.168.1.45
SELECT created_at FROM sessions WHERE id=660,charlie,192.168.1.42
SELECT user_id FROM inventory WHERE id=610,alice,10.0.0.13
SELECT email FROM reviews WHERE id=52,svc,10.0.0.22
SELECT email FROM products WHERE id=33,admin,192.168.1.19
SELECT price FROM orders WHERE id=481,admin,192.168.1.19
SELECT id FROM reviews WHERE id=680,analyst,192.168.1.26
SELECT id FROM sessions WHERE id=133,analyst,192.168.1.35
SELECT name FROM products WHERE id=267,analyst,192.168.1.37
SELECT email FROM users WHERE id=512,charlie,192.168.1.12
SELECT created_at FROM inventory WHERE id=513,charlie,10.0.0.7
SELECT email FROM users WHERE id=324,admin,10.0.0.27
SELECT created_at FROM sessions WHERE id=394,charlie,10.0.0.4
SELECT id FROM users WHERE id=721,guest,192.168.1.50
SELECT email FROM reviews WHERE id=293,charlie,192.168.1.28
SELECT status FROM reviews WHERE id=773,svc,10.0.0.16
SELECT user_id FROM reviews WHERE id=429,svc,192.168.1.38
SELECT name FROM sessions WHERE id=862,alice,10.0.0.27
SELECT email FROM products WHERE id=110,admin,192.168.1.33
SELECT status FROM users WHERE id=793,alice,10.0.0.20
SELECT status FROM reviews WHERE id=355,guest,192.168.1.14
SELECT status FROM inventory WHERE id=438,alice,192.168.1.56
SELECT price FROM inventory WHERE id=329,admin,192.168.1.56
SELECT user_id FROM products WHERE id=809,guest,192.168.1.45
SELECT user_id FROM sessions WHERE id=132,charlie,10.0.0.9
SELECT price FROM inventory WHERE id=684,analyst,10.0.0.11
SELECT created_at FROM products WHERE id=935,charlie,192.168.1.38
SELECT email FROM reviews WHERE id=889,analyst,192.168.1.22
SELECT status FROM sessions WHERE id=796,svc,10.0.0.4
SELECT price FROM products WHERE id=655,alice,192.168.1.40
SELECT status FROM logs WHERE id=96,analyst,10.0.0.3
SELECT created_at FROM users WHERE id=633,analyst,10.0.0.19
SELECT name FROM inventory WHERE id=846,bob,192.168.1.56
SELECT price FROM users WHERE id=554,svc,192.168.1.15
SELECT user_id FROM users WHERE id=587,alice,10.0.0.1
SELECT price FROM orders WHERE id=311,svc,10.0.0.15
SELECT price FROM inventory WHERE id=366,charlie,192.168.1.26
SELECT id FROM inventory WHERE id=354,guest,10.0.0.14
SELECT name FROM sessions WHERE id=681,svc,192.168.1.20
SELECT user_id FROM orders WHERE id=311,guest,192.168.1.42
SELECT name FROM logs WHERE id=132,analyst,192.168.1.30
SELECT id FROM orders WHERE id=174,bob,192.168.1.44
SELECT email FROM products WHERE id=132,bob,192.168.1.33
SELECT price FROM products WHERE id=14,charlie,192.168.1.54
SELECT price FROM products WHERE id=889,bob,10.0.0.9
SELECT user_id FROM reviews WHERE id=160,alice,192.168.1.22
SELECT name FROM orders WHERE id=711,svc,192.168.1.18
SELECT id FROM orders WHERE id=656,svc,10.0.0.27
SELECT email FROM logs WHERE id=398,charlie,192.168.1.31
SELECT status FROM orders WHERE id=777,charlie,192.168.1.39
SELECT user_id FROM reviews WHERE id=981,admin,10.0.0.27
SELECT id FROM products WHERE id=959,bob,192.168.1.27
SELECT price FROM users WHERE id=227,admin,192.168.1.30
SELECT name FROM reviews WHERE id=276,alice,192.168.1.55
SELECT user_id FROM sessions WHERE id=765,svc,10.0.0.8
SELECT id FROM users WHERE id=140,svc,192.168.1.11
SELECT email FROM orders WHERE id=781,alice,192.168.1.50
SELECT id FROM users WHERE id=931,admin,192.168.1.25
SELECT name FROM users WHERE id=577,svc,10.0.0.24
SELECT name FROM logs WHERE id=959,bob,192.168.1.57
SELECT status FROM sessions WHERE id=189,charlie,192.168.1.42
SELECT status FROM inventory WHERE id=202,admin,192.168.1.56
SELECT email FROM reviews WHERE id=613,admin,10.0.0.28
SELECT price FROM logs WHERE id=50,svc,192.168.1.16
SELECT created_at FROM products WHERE id=267,alice,192.168.1.25
SELECT name FROM inventory WHERE id=742,analyst,10.0.0.2
SELECT user_id FROM reviews WHERE id=747,svc,10.0.0.10
SELECT name FROM logs WHERE id=900,bob,10.0.0.24
SELECT status FROM inventory WHERE id=885,guest,192.168.1.39
SELECT email FROM reviews WHERE id=924,bob,192.168.1.13
SELECT name FROM sessions WHERE id=649,admin,10.0.0.11
SELECT price FROM reviews WHERE id=438,alice,10.0.0.20
SELECT created_at FROM logs WHERE id=675,svc,192.168.1.42
SELECT price FROM sessions WHERE id=559,charlie,192.168.1.59
SELECT created_at FROM users WHERE id=935,guest,192.168.1.52
SELECT user_id FROM inventory WHERE id=434,bob,10.0.0.8
SELECT user_id FROM inventory WHERE id=309,analyst,192.168.1.14
SELECT email FROM inventory WHERE id=227,analyst,192.168.1.40
SELECT name FROM reviews WHERE id=935,svc,192.168.1.37
SELECT status FROM reviews WHERE id=406,analyst,192.168.1.44
SELECT created_at FROM inventory WHERE id=447,guest,192.168.1.56
SELECT name FROM sessions WHERE id=943,bob,192.168.1.56
SELECT user_id FROM sessions WHERE id=277,guest,192.168.1.33
SELECT user_id FROM users WHERE id=133,analyst,10.0.0.26
SELECT created_at FROM reviews WHERE id=866,guest,192.168.1.19
SELECT status FROM users WHERE id=274,analyst,192.168.1.24
SELECT user_id FROM reviews WHERE id=282,admin,192.168.1.27
SELECT price FROM logs WHERE id=697,bob,10.0.0.15
SELECT user_id FROM users WHERE id=748,guest,192.168.1.10
SELECT name FROM products WHERE id=774,svc,192.168.1.14
SELECT created_at FROM products WHERE id=440,guest,10.0.0.20
SELECT email FROM sessions WHERE id=342,guest,192.168.1.20
SELECT name FROM inventory WHERE id=640,alice,192.168.1.40
SELECT created_at FROM products WHERE id=656,analyst,10.0.0.12
SELECT user_id FROM logs WHERE id=11,analyst,10.0.0.20
SELECT created_at FROM logs WHERE id=176,admin,192.168.1.21
SELECT user_id FROM sessions WHERE id=772,svc,192.168.1.43
SELECT email FROM logs WHERE id=781,charlie,10.0.0.3
SELECT email FROM sessions WHERE id=223,charlie,10.0.0.7
SELECT id FROM logs WHERE id=182,svc,192.168.1.43
SELECT name FROM products WHERE id=839,alice,10.0.0.5
SELECT name FROM orders WHERE id=738,alice,192.168.1.29
SELECT name FROM reviews WHERE id=703,charlie,10.0.0.8
SELECT id FROM orders WHERE id=437,svc,192.168.1.40
SELECT email FROM reviews WHERE id=413,svc,192.168.1.57
SELECT created_at FROM inventory WHERE id=3,svc,192.168.1.56
SELECT created_at FROM logs WHERE id=758,admin,192.168.1.19
SELECT price FROM users WHERE id=149,admin,10.0.0.3
SELECT user_id FROM inventory WHERE id=240,bob,10.0.0.23
SELECT created_at FROM products WHERE id=491,analyst,10.0.0.19
SELECT user_id FROM inventory WHERE id=207,svc,192.168.1.11
SELECT price FROM products WHERE id=352,guest,192.168.1.11
SELECT id FROM users WHERE id=639,charlie,192.168.1.33
SELECT status FROM sessions WHERE id=49,analyst,192.168.1.58
SELECT name FROM products WHERE id=762,charlie,10.0.0.24
SELECT email FROM users WHERE id=997,guest,10.0.0.9
SELECT name FROM logs WHERE id=404,admin,10.0.0.14
SELECT user_id FROM users WHERE id=943,guest,192.168.1.38
SELECT user_id FROM sessions WHERE id=28,svc,192.168.1.16
SELECT created_at FROM products WHERE id=95,bob,192.168.1.20
SELECT price FROM logs WHERE id=617,svc,10.0.0.7
SELECT created_at FROM users WHERE id=392,charlie,192.168.1.50
SELECT email FROM inventory WHERE id=551,analyst,192.168.1.23
SELECT id FROM users WHERE id=763,bob,192.168.1.42
SELECT user_id FROM logs WHERE id=480,svc,192.168.1.39
SELECT status FROM orders WHERE id=460,svc,192.168.1.27
SELECT user_id FROM inventory WHERE id=907,charlie,192.168.1.15
SELECT id FROM logs WHERE id=883,analyst,10.0.0.18
SELECT email FROM inventory WHERE id=575,svc,10.0.0.28
SELECT name FROM orders WHERE id=239,alice,10.0.0.5
SELECT created_at FROM sessions WHERE id=296,guest,192.168.1.40
SELECT created_at FROM products WHERE id=726,alice,192.168.1.48
SELECT name FROM orders WHERE id=514,analyst,10.0.0.1
SELECT id FROM products WHERE id=39,svc,192.168.1.45
SELECT price FROM products WHERE id=725,alice,192.168.1.19
SELECT status FROM products WHERE id=125,svc,192.168.1.35
SELECT email FROM inventory WHERE id=387,alice,10.0.0.19
SELECT user_id FROM users WHERE id=944,admin,192.168.1.58
SELECT email FROM products WHERE id=583,bob,192.168.1.39
SELECT id FROM sessions WHERE id=873,charlie,192.168.1.42
SELECT id FROM products WHERE id=502,charlie,192.168.1.29
SELECT user_id FROM sessions WHERE id=393,alice,192.168.1.15
SELECT created_at FROM inventory WHERE id=792,analyst,10.0.0.20
SELECT status FROM sessions WHERE id=192,guest,10.0.0.17
SELECT status FROM logs WHERE id=52,analyst,10.0.0.22
SELECT user_id FROM orders WHERE id=186,analyst,10.0.0.26
SELECT user_id FROM reviews WHERE id=458,guest,192.168.1.33
SELECT email FROM logs WHERE id=345,admin,192.168.1.16
SELECT status FROM sessions WHERE id=471,alice,10.0.0.16
SELECT id FROM products WHERE id=280,admin,192.168.1.47
SELECT created_at FROM orders WHERE id=474,analyst,10.0.0.3
SELECT id FROM orders WHERE id=179,svc,192.168.1.52
SELECT price FROM inventory WHERE id=666,svc,10.0.0.20
SELECT user_id FROM reviews WHERE id=152,bob,192.168.1.12
SELECT price FROM reviews WHERE id=62,analyst,10.0.0.22
SELECT price FROM inventory WHERE id=890,bob,192.168.1.48
SELECT id FROM inventory WHERE id=933,bob,192.168.1.50
SELECT id FROM users WHERE id=152,charlie,192.168.1.57
SELECT id FROM orders WHERE id=980,alice,10.0.0.10
SELECT status FROM logs WHERE id=136,analyst,10.0.0.14
SELECT user_id FROM orders WHERE id=40,alice,192.168.1.38
SELECT price FROM sessions WHERE id=237,bob,192.168.1.19
SELECT created_at FROM users WHERE id=160,guest,192.168.1.35
SELECT id FROM logs WHERE id=320,charlie,192.168.1.29
SELECT user_id FROM sessions WHERE id=127,bob,10.0.0.16
SELECT name FROM inventory WHERE id=4,analyst,192.168.1.28
SELECT name FROM logs WHERE id=371,charlie,192.168.1.29
SELECT email FROM orders WHERE id=624,analyst,192.168.1.55
SELECT name FROM inventory WHERE id=378,svc,192.168.1.23
SELECT email FROM reviews WHERE id=917,charlie,192.168.1.46
SELECT status FROM inventory WHERE id=307,analyst,192.168.1.57
SELECT email FROM inventory WHERE id=541,guest,192.168.1.34
SELECT created_at FROM inventory WHERE id=78,alice,10.0.0.9
SELECT email FROM logs WHERE id=24,bob,192.168.1.56
SELECT user_id FROM products WHERE id=98,admin,192.168.1.57
SELECT status FROM reviews WHERE id=376,analyst,10.0.0.19
SELECT id FROM products WHERE id=992,guest,10.0.0.20
SELECT id FROM orders WHERE id=565,svc,10.0.0.7
SELECT created_at FROM reviews WHERE id=162,alice,10.0.0.24
SELECT status FROM inventory WHERE id=906,charlie,192.168.1.54
SELECT created_at FROM users WHERE id=81,alice,192.168.1.59
SELECT price FROM products WHERE id=863,analyst,192.168.1.54
SELECT id FROM sessions WHERE id=489,admin,192.168.1.12
SELECT price FROM users WHERE id=27,analyst,192.168.1.22
SELECT price FROM inventory WHERE id=165,charlie,192.168.1.35
SELECT status FROM products WHERE id=349,bob,192.168.1.47
SELECT name FROM reviews WHERE id=891,alice,192.168.1.43
SELECT id FROM orders WHERE id=677,analyst,192.168.1.48
SELECT created_at FROM sessions WHERE id=90,admin,10.0.0.15
SELECT status FROM inventory WHERE id=39,analyst,192.168.1.24
SELECT id FROM products WHERE id=269,alice,192.168.1.32
SELECT id FROM reviews WHERE id=794,alice,10.0.0.5
SELECT user_id FROM sessions WHERE id=975,bob,192.168.1.54
SELECT status FROM inventory WHERE id=196,analyst,192.168.1.41
SELECT name FROM logs WHERE id=589,alice,192.168.1.46
SELECT price FROM sessions WHERE id=422,alice,10.0.0.19
SELECT id FROM inventory WHERE id=707,guest,10.0.0.22
SELECT price FROM sessions WHERE id=420,alice,192.168.1.20
SELECT created_at FROM logs WHERE id=588,analyst,10.0.0.21
SELECT status FROM reviews WHERE id=842,alice,10.0.0.14
SELECT email FROM logs WHERE id=322,guest,192.168.1.30
SELECT price FROM inventory WHERE id=616,bob,10.0.0.28
SELECT id FROM sessions WHERE id=820,svc,192.168.1.42
SELECT name FROM orders WHERE id=75,guest,192.168.1.30
SELECT user_id FROM reviews WHERE id=266,bob,192.168.1.32
SELECT email FROM inventory WHERE id=347,guest,192.168.1.29
SELECT name FROM reviews WHERE id=162,alice,10.0.0.25
SELECT status FROM reviews WHERE id=902,analyst,192.168.1.17
SELECT status FROM users WHERE id=751,analyst,10.0.0.1
SELECT name FROM reviews WHERE id=797,admin,192.168.1.12
SELECT id FROM orders WHERE id=797,admin,192.168.1.16
SELECT created_at FROM reviews WHERE id=476,alice,192.168.1.19
SELECT email FROM logs WHERE id=996,analyst,10.0.0.14
SELECT price FROM sessions WHERE id=87,admin,192.168.1.27
SELECT email FROM sessions WHERE id=94,bob,192.168.1.54
SELECT id FROM sessions WHERE id=593,guest,10.0.0.19
SELECT name FROM inventory WHERE id=622,svc,192.168.1.24
SELECT user_id FROM reviews WHERE id=778,svc,192.168.1.10
SELECT price FROM sessions WHERE id=15,admin,192.168.1.32
SELECT created_at FROM sessions WHERE id=250,alice,192.168.1.51
SELECT status FROM inventory WHERE id=610,bob,10.0.0.9
SELECT email FROM products WHERE id=810,bob,10.0.0.20
SELECT email FROM inventory WHERE id=198,svc,192.168.1.42
SELECT email FROM inventory WHERE id=64,analyst,192.168.1.32
SELECT name FROM sessions WHERE id=971,svc,192.168.1.54
SELECT created_at FROM sessions WHERE id=897,guest,10.0.0.23
SELECT created_at FROM sessions WHERE id=343,svc,10.0.0.20
SELECT user_id FROM users WHERE id=746,analyst,10.0.0.12
SELECT id FROM inventory WHERE id=401,bob,192.168.1.51
SELECT email FROM inventory WHERE id=541,alice,10.0.0.21
SELECT id FROM reviews WHERE id=126,guest,10.0.0.16
SELECT price FROM reviews WHERE id=519,guest,10.0.0.25
SELECT price FROM orders WHERE id=144,analyst,10.0.0.27
SELECT status FROM products WHERE id=839,alice,192.168.1.52
SELECT id FROM reviews WHERE id=686,charlie,10.0.0.24
SELECT user_id FROM users WHERE id=83,bob,192.168.1.55
SELECT status FROM users WHERE id=834,svc,10.0.0.15
SELECT created_at FROM orders WHERE id=930,analyst,192.168.1.32
SELECT email FROM users WHERE id=345,charlie,192.168.1.29
SELECT price FROM logs WHERE id=140,svc,10.0.0.10
SELECT email FROM users WHERE id=816,charlie,192.168.1.50
SELECT email FROM logs WHERE id=176,guest,192.168.1.38
SELECT created_at FROM reviews WHERE id=369,alice,192.168.1.56
SELECT price FROM users WHERE id=634,analyst,192.168.1.15
SELECT created_at FROM logs WHERE id=327,analyst,192.168.1.22
SELECT status FROM logs WHERE id=895,charlie,10.0.0.6
SELECT status FROM orders WHERE id=663,alice,192.168.1.49
SELECT user_id FROM inventory WHERE id=755,analyst,192.168.1.46
SELECT price FROM users WHERE id=761,admin,192.168.1.54
SELECT name FROM logs WHERE id=266,svc,192.168.1.55
SELECT status FROM orders WHERE id=652,admin,192.168.1.55
SELECT created_at FROM sessions WHERE id=549,guest,192.168.1.12
SELECT price FROM orders WHERE id=763,alice,192.168.1.13
SELECT name FROM users WHERE id=159,charlie,192.168.1.52
SELECT id FROM reviews WHERE id=112,analyst,192.168.1.16
SELECT user_id FROM products WHERE id=434,svc,192.168.1.49
SELECT created_at FROM inventory WHERE id=443,admin,192.168.1.50
SELECT status FROM orders WHERE id=615,alice,192.168.1.54
SELECT status FROM products WHERE id=772,svc,192.168.1.15
SELECT email FROM products WHERE id=53,guest,192.168.1.19
SELECT user_id FROM reviews WHERE id=738,admin,192.168.1.33
SELECT email FROM inventory WHERE id=529,bob,192.168.1.45
SELECT user_id FROM users WHERE id=106,charlie,10.0.0.23
SELECT id FROM reviews WHERE id=115,charlie,192.168.1.47
SELECT user_id FROM users WHERE id=247,alice,192.168.1.59
SELECT user_id FROM sessions WHERE id=729,bob,10.0.0.1
SELECT status FROM products WHERE id=32,admin,192.168.1.23
SELECT price FROM logs WHERE id=419,analyst,192.168.1.38
SELECT created_at FROM users WHERE id=473,analyst,10.0.0.24
SELECT price FROM users WHERE id=698,analyst,10.0.0.27
SELECT price FROM reviews WHERE id=228,guest,192.168.1.22
SELECT status FROM inventory WHERE id=797,svc,192.168.1.45
SELECT id FROM sessions WHERE id=922,bob,10.0.0.28
SELECT user_id FROM reviews WHERE id=651,analyst,192.168.1.12
SELECT id FROM users WHERE id=609,admin,10.0.0.18
SELECT name FROM orders WHERE id=627,charlie,10.0.0.6
SELECT price FROM orders WHERE id=179,guest,192.168.1.49
SELECT created_at FROM inventory WHERE id=180,svc,192.168.1.58
SELECT price FROM sessions WHERE id=907,guest,192.168.1.41
SELECT price FROM users WHERE id=215,alice,10.0.0.21
SELECT price FROM products WHERE id=667,svc,192.168.1.51
SELECT created_at FROM reviews WHERE id=422,guest,192.168.1.10
SELECT email FROM inventory WHERE id=565,analyst,192.168.1.37
SELECT created_at FROM sessions WHERE id=221,charlie,10.0.0.14
SELECT user_id FROM inventory WHERE id=906,analyst,192.168.1.42
SELECT id FROM products WHERE id=309,alice,10.0.0.8
SELECT id FROM orders WHERE id=967,admin,192.168.1.52
SELECT id FROM logs WHERE id=122,charlie,192.168.1.26
SELECT created_at FROM orders WHERE id=380,bob,10.0.0.12
SELECT user_id FROM inventory WHERE id=813,admin,192.168.1.13
SELECT user_id FROM users WHERE id=130,admin,192.168.1.38
SELECT created_at FROM sessions WHERE id=438,admin,192.168.1.43
SELECT created_at FROM orders WHERE id=377,guest,192.168.1.44
SELECT price FROM inventory WHERE id=698,guest,192.168.1.44
SELECT price FROM reviews WHERE id=636,analyst,192.168.1.30
SELECT created_at FROM orders WHERE id=368,svc,192.168.1.23
SELECT user_id FROM users WHERE id=975,svc,10.0.0.7
SELECT id FROM reviews WHERE id=588,charlie,10.0.0.14
SELECT email FROM logs WHERE id=288,charlie,192.168.1.36
SELECT created_at FROM sessions WHERE id=717,analyst,192.168.1.28
SELECT name FROM inventory WHERE id=357,svc,10.0.0.14
SELECT created_at FROM reviews WHERE id=322,alice,192.168.1.15
SELECT name FROM products WHERE id=246,svc,192.168.1.35
SELECT email FROM products WHERE id=757,analyst,10.0.0.11
SELECT user_id FROM orders WHERE id=289,charlie,10.0.0.26
SELECT status FROM products WHERE id=996,charlie,192.168.1.10
SELECT email FROM sessions WHERE id=489,analyst,192.168.1.33
SELECT name FROM logs WHERE id=362,alice,10.0.0.5
SELECT created_at FROM users WHERE id=692,charlie,10.0.0.12
SELECT email FROM orders WHERE id=661,guest,192.168.1.38
SELECT name FROM inventory WHERE id=276,charlie,192.168.1.17
SELECT status FROM inventory WHERE id=110,bob,10.0.0.14
SELECT price FROM inventory WHERE id=162,guest,10.0.0.27
SELECT price FROM products WHERE id=978,charlie,192.168.1.31
SELECT name FROM inventory WHERE id=549,analyst,10.0.0.21
SELECT created_at FROM products WHERE id=994,svc,10.0.0.2
SELECT user_id FROM logs WHERE id=573,guest,192.168.1.34
SELECT name FROM reviews WHERE id=315,alice,192.168.1.52
SELECT id FROM products WHERE id=359,svc,10.0.0.10
SELECT user_id FROM inventory WHERE id=428,charlie,192.168.1.54
SELECT user_id FROM inventory WHERE id=214,guest,192.168.1.56
SELECT name FROM inventory WHERE id=90,bob,10.0.0.11
SELECT status FROM orders WHERE id=371,analyst,192.168.1.54
SELECT user_id FROM sessions WHERE id=264,admin,192.168.1.14
SELECT email FROM inventory WHERE id=613,charlie,192.168.1.26
SELECT name FROM orders WHERE id=243,analyst,192.168.1.29
SELECT user_id FROM sessions WHERE id=371,bob,192.168.1.52
SELECT name FROM orders WHERE id=824,admin,192.168.1.35
SELECT name FROM reviews WHERE id=663,charlie,192.168.1.36
SELECT name FROM orders WHERE id=645,guest,192.168.1.48
SELECT name FROM inventory WHERE id=719,analyst,192.168.1.55
SELECT name FROM products WHERE id=71,svc,192.168.1.10
SELECT name FROM users WHERE id=757,svc,192.168.1.34
SELECT status FROM reviews WHERE id=793,alice,10.0.0.1
SELECT email FROM inventory WHERE id=395,charlie,192.168.1.55
SELECT status FROM products WHERE id=362,svc,10.0.0.15
SELECT email FROM inventory WHERE id=493,bob,192.168.1.53
SELECT user_id FROM reviews WHERE id=965,bob,192.168.1.39
SELECT email FROM inventory WHERE id=411,admin,192.168.1.28
SELECT created_at FROM logs WHERE id=696,analyst,192.168.1.28
SELECT user_id FROM reviews WHERE id=413,bob,10.0.0.1
SELECT status FROM sessions WHERE id=307,admin,192.168.1.30
SELECT status FROM reviews WHERE id=563,admin,192.168.1.25
SELECT user_id FROM orders WHERE id=927,analyst,192.168.1.10
SELECT user_id FROM sessions WHERE id=91,bob,10.0.0.10
SELECT user_id FROM sessions WHERE id=856,analyst,192.168.1.25
SELECT status FROM orders WHERE id=253,bob,10.0.0.7
SELECT name FROM sessions WHERE id=385,admin,192.168.1.45
SELECT status FROM inventory WHERE id=398,analyst,10.0.0.28
SELECT created_at FROM products WHERE id=583,alice,192.168.1.44
SELECT created_at FROM sessions WHERE id=332,svc,192.168.1.32
SELECT created_at FROM orders WHERE id=761,bob,192.168.1.44
SELECT price FROM logs WHERE id=97,admin,192.168.1.28
SELECT name FROM logs WHERE id=678,analyst,192.168.1.34
SELECT price FROM products WHERE id=676,charlie,10.0.0.12
SELECT user_id FROM sessions WHERE id=214,admin,192.168.1.55
SELECT price FROM reviews WHERE id=681,charlie,10.0.0.8
SELECT name FROM products WHERE id=778,svc,192.168.1.28
SELECT price FROM orders WHERE id=894,guest,192.168.1.45
SELECT user_id FROM products WHERE id=227,alice,192.168.1.36
SELECT created_at FROM sessions WHERE id=814,svc,10.0.0.10
SELECT a.id,b.name FROM sessions a JOIN sessions b ON a.id=b.id,admin,192.168.1.12
SELECT a.id,b.name FROM users a JOIN reviews b ON a.id=b.id,guest,10.0.0.26
SELECT a.id,b.name FROM users a JOIN reviews b ON a.id=b.id,bob,192.168.1.29
SELECT a.id,b.name FROM reviews a JOIN users b ON a.id=b.id,charlie,10.0.0.8
SELECT a.id,b.name FROM logs a JOIN products b ON a.id=b.id,charlie,192.168.1.42
SELECT a.id,b.name FROM inventory a JOIN sessions b ON a.id=b.id,analyst,10.0.0.29
SELECT a.id,b.name FROM orders a JOIN logs b ON a.id=b.id,bob,192.168.1.45
SELECT a.id,b.name FROM logs a JOIN inventory b ON a.id=b.id,admin,192.168.1.59
SELECT a.id,b.name FROM sessions a JOIN orders b ON a.id=b.id,charlie,192.168.1.28
SELECT a.id,b.name FROM products a JOIN logs b ON a.id=b.id,bob,10.0.0.4
SELECT a.id,b.name FROM inventory a JOIN users b ON a.id=b.id,bob,10.0.0.24
SELECT a.id,b.name FROM orders a JOIN inventory b ON a.id=b.id,admin,10.0.0.1
SELECT a.id,b.name FROM products a JOIN inventory b ON a.id=b.id,charlie,192.168.1.19
SELECT a.id,b.name FROM logs a JOIN sessions b ON a.id=b.id,analyst,192.168.1.32
SELECT a.id,b.name FROM orders a JOIN reviews b ON a.id=b.id,svc,192.168.1.12
SELECT a.id,b.name FROM reviews a JOIN reviews b ON a.id=b.id,charlie,192.168.1.40
SELECT a.id,b.name FROM orders a JOIN products b ON a.id=b.id,admin,10.0.0.13
SELECT a.id,b.name FROM orders a JOIN reviews b ON a.id=b.id,alice,10.0.0.11
SELECT a.id,b.name FROM products a JOIN reviews b ON a.id=b.id,admin,192.168.1.16
SELECT a.id,b.name FROM inventory a JOIN products b ON a.id=b.id,alice,10.0.0.18
SELECT a.id,b.name FROM sessions a JOIN users b ON a.id=b.id,bob,192.168.1.57
SELECT a.id,b.name FROM sessions a JOIN sessions b ON a.id=b.id,guest,192.168.1.37
SELECT a.id,b.name FROM logs a JOIN reviews b ON a.id=b.id,admin,10.0.0.17
SELECT a.id,b.name FROM products a JOIN logs b ON a.id=b.id,guest,192.168.1.18
SELECT a.id,b.name FROM products a JOIN users b ON a.id=b.id,charlie,192.168.1.19
SELECT a.id,b.name FROM sessions a JOIN sessions b ON a.id=b.id,charlie,192.168.1.23
SELECT a.id,b.name FROM orders a JOIN reviews b ON a.id=b.id,admin,192.168.1.45
SELECT a.id,b.name FROM users a JOIN orders b ON a.id=b.id,bob,192.168.1.43
SELECT a.id,b.name FROM inventory a JOIN logs b ON a.id=b.id,charlie,192.168.1.19
SELECT a.id,b.name FROM reviews a JOIN products b ON a.id=b.id,admin,10.0.0.24
SELECT a.id,b.name FROM reviews a JOIN logs b ON a.id=b.id,alice,10.0.0.29
SELECT a.id,b.name FROM sessions a JOIN inventory b ON a.id=b.id,bob,192.168.1.58
SELECT a.id,b.name FROM products a JOIN users b ON a.id=b.id,bob,192.168.1.25
SELECT a.id,b.name FROM reviews a JOIN inventory b ON a.id=b.id,charlie,192.168.1.14
SELECT a.id,b.name FROM logs a JOIN users b ON a.id=b.id,alice,10.0.0.10
SELECT a.id,b.name FROM inventory a JOIN inventory b ON a.id=b.id,alice,192.168.1.10
SELECT a.id,b.name FROM logs a JOIN logs b ON a.id=b.id,charlie,192.168.1.10
SELECT a.id,b.name FROM users a JOIN reviews b ON a.id=b.id,charlie,10.0.0.2
SELECT a.id,b.name FROM sessions a JOIN orders b ON a.id=b.id,charlie,192.168.1.45
SELECT a.id,b.name FROM inventory a JOIN users b ON a.id=b.id,alice,192.168.1.27
SELECT a.id,b.name FROM reviews a JOIN logs b ON a.id=b.id,bob,192.168.1.18
SELECT a.id,b.name FROM orders a JOIN orders b ON a.id=b.id,svc,10.0.0.5
SELECT a.id,b.name FROM sessions a JOIN sessions b ON a.id=b.id,admin,10.0.0.10
SELECT a.id,b.name FROM products a JOIN orders b ON a.id=b.id,guest,192.168.1.56
SELECT a.id,b.name FROM logs a JOIN users b ON a.id=b.id,alice,192.168.1.37
SELECT a.id,b.name FROM inventory a JOIN products b ON a.id=b.id,admin,10.0.0.15
SELECT a.id,b.name FROM users a JOIN products b ON a.id=b.id,analyst,192.168.1.38
SELECT a.id,b.name FROM logs a JOIN products b ON a.id=b.id,guest,10.0.0.24
SELECT a.id,b.name FROM logs a JOIN orders b ON a.id=b.id,charlie,192.168.1.16
SELECT a.id,b.name FROM products a JOIN products b ON a.id=b.id,charlie,10.0.0.10
SELECT a.id,b.name FROM sessions a JOIN orders b ON a.id=b.id,svc,192.168.1.46
SELECT a.id,b.name FROM users a JOIN reviews b ON a.id=b.id,bob,10.0.0.23
SELECT a.id,b.name FROM logs a JOIN logs b ON a.id=b.id,alice,192.168.1.43
SELECT a.id,b.name FROM sessions a JOIN inventory b ON a.id=b.id,alice,192.168.1.19
SELECT a.id,b.name FROM orders a JOIN orders b ON a.id=b.id,guest,192.168.1.46
SELECT a.id,b.name FROM sessions a JOIN inventory b ON a.id=b.id,admin,192.168.1.45
SELECT a.id,b.name FROM users a JOIN inventory b ON a.id=b.id,alice,10.0.0.12
SELECT a.id,b.name FROM logs a JOIN products b ON a.id=b.id,analyst,10.0.0.20
SELECT a.id,b.name FROM reviews a JOIN reviews b ON a.id=b.id,svc,192.168.1.10
SELECT a.id,b.name FROM sessions a JOIN reviews b ON a.id=b.id,bob,192.168.1.20
SELECT a.id,b.name FROM orders a JOIN sessions b ON a.id=b.id,analyst,192.168.1.30
SELECT a.id,b.name FROM reviews a JOIN orders b ON a.id=b.id,guest,192.168.1.25
SELECT a.id,b.name FROM users a JOIN users b ON a.id=b.id,bob,192.168.1.33
SELECT a.id,b.name FROM orders a JOIN logs b ON a.id=b.id,charlie,10.0.0.23
SELECT a.id,b.name FROM sessions a JOIN users b ON a.id=b.id,admin,192.168.1.42
SELECT a.id,b.name FROM orders a JOIN sessions b ON a.id=b.id,alice,192.168.1.39
SELECT a.id,b.name FROM reviews a JOIN orders b ON a.id=b.id,svc,192.168.1.40
SELECT a.id,b.name FROM orders a JOIN orders b ON a.id=b.id,charlie,192.168.1.22
SELECT a.id,b.name FROM logs a JOIN reviews b ON a.id=b.id,svc,192.168.1.16
SELECT a.id,b.name FROM products a JOIN users b ON a.id=b.id,bob,10.0.0.3
SELECT a.id,b.name FROM reviews a JOIN products b ON a.id=b.id,analyst,10.0.0.2
SELECT a.id,b.name FROM orders a JOIN orders b ON a.id=b.id,alice,10.0.0.17
SELECT a.id,b.name FROM products a JOIN orders b ON a.id=b.id,guest,192.168.1.44
SELECT a.id,b.name FROM inventory a JOIN logs b ON a.id=b.id,analyst,192.168.1.39
SELECT a.id,b.name FROM orders a JOIN sessions b ON a.id=b.id,analyst,10.0.0.3
SELECT a.id,b.name FROM orders a JOIN orders b ON a.id=b.id,alice,10.0.0.2
SELECT a.id,b.name FROM logs a JOIN inventory b ON a.id=b.id,bob,10.0.0.15
SELECT a.id,b.name FROM users a JOIN users b ON a.id=b.id,svc,192.168.1.22
SELECT a.id,b.name FROM users a JOIN orders b ON a.id=b.id,admin,10.0.0.25
SELECT a.id,b.name FROM logs a JOIN orders b ON a.id=b.id,analyst,192.168.1.37
SELECT a.id,b.name FROM logs a JOIN logs b ON a.id=b.id,bob,10.0.0.21
SELECT a.id,b.name FROM logs a JOIN products b ON a.id=b.id,guest,192.168.1.21
SELECT a.id,b.name FROM inventory a JOIN products b ON a.id=b.id,charlie,10.0.0.6
SELECT a.id,b.name FROM sessions a JOIN inventory b ON a.id=b.id,admin,192.168.1.49
SELECT a.id,b.name FROM products a JOIN orders b ON a.id=b.id,svc,192.168.1.42
SELECT a.id,b.name FROM logs a JOIN inventory b ON a.id=b.id,analyst,192.168.1.59
SELECT a.id,b.name FROM users a JOIN logs b ON a.id=b.id,alice,192.168.1.44
SELECT a.id,b.name FROM products a JOIN logs b ON a.id=b.id,guest,10.0.0.1
SELECT a.id,b.name FROM logs a JOIN users b ON a.id=b.id,admin,192.168.1.45
SELECT a.id,b.name FROM logs a JOIN logs b ON a.id=b.id,guest,192.168.1.34
SELECT a.id,b.name FROM inventory a JOIN products b ON a.id=b.id,admin,192.168.1.13
SELECT a.id,b.name FROM products a JOIN logs b ON a.id=b.id,svc,10.0.0.14
SELECT a.id,b.name FROM sessions a JOIN orders b ON a.id=b.id,admin,10.0.0.22
SELECT a.id,b.name FROM sessions a JOIN orders b ON a.id=b.id,svc,10.0.0.23
SELECT a.id,b.name FROM logs a JOIN orders b ON a.id=b.id,alice,192.168.1.24
SELECT a.id,b.name FROM reviews a JOIN sessions b ON a.id=b.id,guest,192.168.1.16
SELECT a.id,b.name FROM reviews a JOIN logs b ON a.id=b.id,charlie,10.0.0.1
SELECT a.id,b.name FROM inventory a JOIN inventory b ON a.id=b.id,bob,192.168.1.44
SELECT a.id,b.name FROM inventory a JOIN inventory b ON a.id=b.id,alice,192.168.1.55
SELECT a.id,b.name FROM inventory a JOIN sessions b ON a.id=b.id,bob,10.0.0.23
SELECT a.id,b.name FROM inventory a JOIN reviews b ON a.id=b.id,bob,192.168.1.37
SELECT a.id,b.name FROM sessions a JOIN users b ON a.id=b.id,alice,192.168.1.47
SELECT a.id,b.name FROM logs a JOIN orders b ON a.id=b.id,admin,192.168.1.31
SELECT a.id,b.name FROM orders a JOIN logs b ON a.id=b.id,admin,10.0.0.21
SELECT a.id,b.name FROM orders a JOIN reviews b ON a.id=b.id,analyst,192.168.1.55
SELECT a.id,b.name FROM logs a JOIN users b ON a.id=b.id,guest,10.0.0.9
SELECT a.id,b.name FROM sessions a JOIN users b ON a.id=b.id,admin,192.168.1.33
SELECT a.id,b.name FROM products a JOIN sessions b ON a.id=b.id,guest,192.168.1.37
SELECT a.id,b.name FROM orders a JOIN users b ON a.id=b.id,alice,192.168.1.16
SELECT a.id,b.name FROM products a JOIN sessions b ON a.id=b.id,admin,10.0.0.13
SELECT a.id,b.name FROM logs a JOIN logs b ON a.id=b.id,guest,10.0.0.9
SELECT a.id,b.name FROM users a JOIN products b ON a.id=b.id,guest,192.168.1.43
SELECT a.id,b.name FROM inventory a JOIN products b ON a.id=b.id,bob,10.0.0.18
SELECT a.id,b.name FROM orders a JOIN products b ON a.id=b.id,analyst,10.0.0.18
SELECT a.id,b.name FROM inventory a JOIN sessions b ON a.id=b.id,alice,192.168.1.35
SELECT a.id,b.name FROM inventory a JOIN products b ON a.id=b.id,admin,10.0.0.16
SELECT a.id,b.name FROM orders a JOIN users b ON a.id=b.id,alice,192.168.1.25
SELECT a.id,b.name FROM logs a JOIN logs b ON a.id=b.id,analyst,192.168.1.50
SELECT a.id,b.name FROM reviews a JOIN inventory b ON a.id=b.id,charlie,192.168.1.18
SELECT a.id,b.name FROM users a JOIN users b ON a.id=b.id,guest,192.168.1.47
SELECT a.id,b.name FROM users a JOIN sessions b ON a.id=b.id,bob,10.0.0.1
SELECT a.id,b.name FROM reviews a JOIN products b ON a.id=b.id,bob,10.0.0.3
SELECT a.id,b.name FROM products a JOIN products b ON a.id=b.id,alice,192.168.1.15
SELECT a.id,b.name FROM logs a JOIN products b ON a.id=b.id,analyst,192.168.1.17
SELECT a.id,b.name FROM inventory a JOIN orders b ON a.id=b.id,bob,192.168.1.19
SELECT a.id,b.name FROM products a JOIN orders b ON a.id=b.id,bob,192.168.1.18
SELECT a.id,b.name FROM logs a JOIN products b ON a.id=b.id,analyst,192.168.1.46
SELECT a.id,b.name FROM users a JOIN reviews b ON a.id=b.id,admin,10.0.0.6
SELECT a.id,b.name FROM logs a JOIN orders b ON a.id=b.id,admin,192.168.1.40
SELECT a.id,b.name FROM orders a JOIN products b ON a.id=b.id,svc,192.168.1.41
SELECT a.id,b.name FROM inventory a JOIN sessions b ON a.id=b.id,analyst,192.168.1.52
SELECT a.id,b.name FROM products a JOIN users b ON a.id=b.id,analyst,10.0.0.12
SELECT a.id,b.name FROM sessions a JOIN logs b ON a.id=b.id,charlie,192.168.1.48
SELECT a.id,b.name FROM reviews a JOIN users b ON a.id=b.id,analyst,192.168.1.30
SELECT a.id,b.name FROM users a JOIN sessions b ON a.id=b.id,charlie,192.168.1.59
SELECT a.id,b.name FROM orders a JOIN orders b ON a.id=b.id,analyst,192.168.1.17
SELECT a.id,b.name FROM inventory a JOIN reviews b ON a.id=b.id,alice,192.168.1.28
SELECT a.id,b.name FROM inventory a JOIN logs b ON a.id=b.id,svc,192.168.1.57
SELECT a.id,b.name FROM logs a JOIN logs b ON a.id=b.id,charlie,10.0.0.23
SELECT a.id,b.name FROM inventory a JOIN users b ON a.id=b.id,guest,10.0.0.6
SELECT a.id,b.name FROM inventory a JOIN orders b ON a.id=b.id,bob,10.0.0.7
SELECT a.id,b.name FROM users a JOIN orders b ON a.id=b.id,alice,192.168.1.27
SELECT a.id,b.name FROM logs a JOIN products b ON a.id=b.id,guest,10.0.0.9
SELECT a.id,b.name FROM products a JOIN sessions b ON a.id=b.id,admin,10.0.0.12
SELECT a.id,b.name FROM reviews a JOIN logs b ON a.id=b.id,svc,192.168.1.48
SELECT a.id,b.name FROM sessions a JOIN inventory b ON a.id=b.id,admin,192.168.1.54
SELECT a.id,b.name FROM orders a JOIN inventory b ON a.id=b.id,svc,192.168.1.14
SELECT a.id,b.name FROM users a JOIN sessions b ON a.id=b.id,guest,10.0.0.12
SELECT a.id,b.name FROM orders a JOIN orders b ON a.id=b.id,guest,10.0.0.5
SELECT a.id,b.name FROM orders a JOIN logs b ON a.id=b.id,bob,192.168.1.43
SELECT a.id,b.name FROM logs a JOIN products b ON a.id=b.id,bob,192.168.1.55
SELECT a.id,b.name FROM products a JOIN orders b ON a.id=b.id,alice,10.0.0.13
SELECT a.id,b.name FROM users a JOIN logs b ON a.id=b.id,charlie,10.0.0.15
SELECT a.id,b.name FROM reviews a JOIN sessions b ON a.id=b.id,admin,192.168.1.40
SELECT a.id,b.name FROM reviews a JOIN sessions b ON a.id=b.id,admin,192.168.1.40
SELECT a.id,b.name FROM reviews a JOIN reviews b ON a.id=b.id,analyst,192.168.1.22
SELECT a.id,b.name FROM logs a JOIN inventory b ON a.id=b.id,analyst,10.0.0.1
SELECT a.id,b.name FROM users a JOIN sessions b ON a.id=b.id,charlie,10.0.0.28
SELECT a.id,b.name FROM logs a JOIN orders b ON a.id=b.id,bob,192.168.1.29
SELECT a.id,b.name FROM reviews a JOIN users b ON a.id=b.id,charlie,10.0.0.6
SELECT a.id,b.name FROM inventory a JOIN reviews b ON a.id=b.id,svc,10.0.0.5
SELECT a.id,b.name FROM orders a JOIN products b ON a.id=b.id,guest,192.168.1.41
SELECT a.id,b.name FROM logs a JOIN logs b ON a.id=b.id,guest,192.168.1.52
SELECT a.id,b.name FROM users a JOIN products b ON a.id=b.id,alice,192.168.1.38
SELECT a.id,b.name FROM orders a JOIN reviews b ON a.id=b.id,charlie,10.0.0.29
SELECT a.id,b.name FROM orders a JOIN reviews b ON a.id=b.id,analyst,192.168.1.37
SELECT a.id,b.name FROM products a JOIN logs b ON a.id=b.id,guest,192.168.1.36
SELECT a.id,b.name FROM reviews a JOIN inventory b ON a.id=b.id,bob,192.168.1.39
SELECT a.id,b.name FROM users a JOIN inventory b ON a.id=b.id,admin,192.168.1.36
SELECT a.id,b.name FROM sessions a JOIN products b ON a.id=b.id,bob,10.0.0.21
SELECT a.id,b.name FROM logs a JOIN products b ON a.id=b.id,analyst,10.0.0.9
SELECT a.id,b.name FROM orders a JOIN orders b ON a.id=b.id,analyst,192.168.1.13
SELECT a.id,b.name FROM orders a JOIN logs b ON a.id=b.id,charlie,192.168.1.59
SELECT a.id,b.name FROM users a JOIN inventory b ON a.id=b.id,admin,10.0.0.15
SELECT a.id,b.name FROM inventory a JOIN users b ON a.id=b.id,alice,10.0.0.21
SELECT a.id,b.name FROM products a JOIN orders b ON a.id=b.id,svc,192.168.1.38
SELECT a.id,b.name FROM orders a JOIN sessions b ON a.id=b.id,alice,192.168.1.30
SELECT a.id,b.name FROM inventory a JOIN users b ON a.id=b.id,svc,10.0.0.26
SELECT a.id,b.name FROM users a JOIN users b ON a.id=b.id,admin,192.168.1.47
SELECT a.id,b.name FROM orders a JOIN sessions b ON a.id=b.id,charlie,192.168.1.45
SELECT a.id,b.name FROM inventory a JOIN users b ON a.id=b.id,svc,192.168.1.34
SELECT a.id,b.name FROM inventory a JOIN inventory b ON a.id=b.id,bob,192.168.1.50
SELECT a.id,b.name FROM orders a JOIN reviews b ON a.id=b.id,analyst,192.168.1.59
SELECT a.id,b.name FROM sessions a JOIN inventory b ON a.id=b.id,analyst,10.0.0.22
SELECT a.id,b.name FROM sessions a JOIN products b ON a.id=b.id,analyst,10.0.0.20
SELECT a.id,b.name FROM orders a JOIN orders b ON a.id=b.id,charlie,192.168.1.36
SELECT a.id,b.name FROM logs a JOIN users b ON a.id=b.id,charlie,192.168.1.11
SELECT a.id,b.name FROM products a JOIN sessions b ON a.id=b.id,charlie,10.0.0.9
SELECT a.id,b.name FROM reviews a JOIN users b ON a.id=b.id,charlie,10.0.0.3
SELECT a.id,b.name FROM reviews a JOIN logs b ON a.id=b.id,admin,192.168.1.34
SELECT a.id,b.name FROM inventory a JOIN users b ON a.id=b.id,analyst,10.0.0.5
SELECT a.id,b.name FROM orders a JOIN products b ON a.id=b.id,guest,192.168.1.15
SELECT a.id,b.name FROM orders a JOIN logs b ON a.id=b.id,svc,10.0.0.29
SELECT a.id,b.name FROM users a JOIN reviews b ON a.id=b.id,svc,192.168.1.41
SELECT a.id,b.name FROM orders a JOIN products b ON a.id=b.id,admin,10.0.0.8
SELECT a.id,b.name FROM reviews a JOIN inventory b ON a.id=b.id,guest,10.0.0.22
SELECT a.id,b.name FROM orders a JOIN sessions b ON a.id=b.id,svc,10.0.0.4
SELECT a.id,b.name FROM sessions a JOIN sessions b ON a.id=b.id,svc,192.168.1.28
SELECT a.id,b.name FROM users a JOIN inventory b ON a.id=b.id,guest,192.168.1.21
SELECT a.id,b.name FROM users a JOIN logs b ON a.id=b.id,svc,192.168.1.50
INSERT INTO users (id,name) VALUES (157,'test'),alice,10.0.0.19
INSERT INTO products (id,name) VALUES (343,'test'),bob,192.168.1.14
INSERT INTO sessions (id,name) VALUES (226,'test'),guest,192.168.1.15
INSERT INTO inventory (id,name) VALUES (650,'test'),bob,10.0.0.18
INSERT INTO reviews (id,name) VALUES (510,'test'),admin,192.168.1.22
INSERT INTO reviews (id,name) VALUES (835,'test'),analyst,192.168.1.44
INSERT INTO logs (id,name) VALUES (923,'test'),bob,10.0.0.6
INSERT INTO inventory (id,name) VALUES (409,'test'),analyst,10.0.0.4
INSERT INTO reviews (id,name) VALUES (618,'test'),svc,192.168.1.50
INSERT INTO reviews (id,name) VALUES (359,'test'),guest,192.168.1.51
INSERT INTO orders (id,name) VALUES (157,'test'),bob,10.0.0.24
INSERT INTO users (id,name) VALUES (901,'test'),alice,192.168.1.45
INSERT INTO orders (id,name) VALUES (688,'test'),bob,192.168.1.14
INSERT INTO users (id,name) VALUES (229,'test'),bob,192.168.1.46
INSERT INTO sessions (id,name) VALUES (100,'test'),charlie,10.0.0.9
INSERT INTO reviews (id,name) VALUES (696,'test'),alice,192.168.1.36
INSERT INTO products (id,name) VALUES (785,'test'),charlie,192.168.1.18
INSERT INTO users (id,name) VALUES (589,'test'),guest,192.168.1.54
INSERT INTO products (id,name) VALUES (215,'test'),alice,192.168.1.42
INSERT INTO orders (id,name) VALUES (569,'test'),charlie,10.0.0.11
INSERT INTO reviews (id,name) VALUES (348,'test'),charlie,192.168.1.29
INSERT INTO reviews (id,name) VALUES (255,'test'),charlie,192.168.1.11
INSERT INTO orders (id,name) VALUES (708,'test'),alice,192.168.1.24
INSERT INTO logs (id,name) VALUES (448,'test'),alice,192.168.1.19
INSERT INTO sessions (id,name) VALUES (405,'test'),bob,192.168.1.58
INSERT INTO logs (id,name) VALUES (316,'test'),svc,192.168.1.16
INSERT INTO orders (id,name) VALUES (978,'test'),alice,10.0.0.7
INSERT INTO reviews (id,name) VALUES (245,'test'),charlie,10.0.0.28
INSERT INTO products (id,name) VALUES (174,'test'),svc,192.168.1.58
INSERT INTO users (id,name) VALUES (827,'test'),svc,10.0.0.14
INSERT INTO logs (id,name) VALUES (294,'test'),svc,192.168.1.51
INSERT INTO products (id,name) VALUES (407,'test'),charlie,192.168.1.35
INSERT INTO sessions (id,name) VALUES (193,'test'),charlie,10.0.0.12
INSERT INTO logs (id,name) VALUES (953,'test'),guest,192.168.1.13
INSERT INTO orders (id,name) VALUES (667,'test'),charlie,10.0.0.12
INSERT INTO products (id,name) VALUES (641,'test'),analyst,10.0.0.2
INSERT INTO reviews (id,name) VALUES (661,'test'),svc,192.168.1.16
INSERT INTO inventory (id,name) VALUES (274,'test'),analyst,192.168.1.20
INSERT INTO reviews (id,name) VALUES (245,'test'),charlie,192.168.1.34
INSERT INTO orders (id,name) VALUES (474,'test'),svc,192.168.1.20
INSERT INTO products (id,name) VALUES (247,'test'),analyst,10.0.0.22
INSERT INTO orders (id,name) VALUES (195,'test'),charlie,10.0.0.2
INSERT INTO orders (id,name) VALUES (474,'test'),alice,192.168.1.57
INSERT INTO sessions (id,name) VALUES (128,'test'),admin,192.168.1.44
INSERT INTO orders (id,name) VALUES (634,'test'),admin,10.0.0.21
INSERT INTO logs (id,name) VALUES (37,'test'),svc,10.0.0.2
INSERT INTO reviews (id,name) VALUES (879,'test'),analyst,192.168.1.59
INSERT INTO products (id,name) VALUES (46,'test'),guest,192.168.1.36
INSERT INTO sessions (id,name) VALUES (438,'test'),charlie,192.168.1.25
INSERT INTO users (id,name) VALUES (710,'test'),alice,192.168.1.41
INSERT INTO products (id,name) VALUES (886,'test'),svc,10.0.0.27
INSERT INTO orders (id,name) VALUES (768,'test'),svc,192.168.1.45
INSERT INTO sessions (id,name) VALUES (75,'test'),alice,10.0.0.27
INSERT INTO products (id,name) VALUES (453,'test'),charlie,10.0.0.29
INSERT INTO inventory (id,name) VALUES (840,'test'),svc,192.168.1.10
INSERT INTO inventory (id,name) VALUES (999,'test'),bob,192.168.1.15
INSERT INTO logs (id,name) VALUES (460,'test'),alice,192.168.1.47
INSERT INTO reviews (id,name) VALUES (329,'test'),guest,192.168.1.42
INSERT INTO inventory (id,name) VALUES (51,'test'),admin,10.0.0.18
INSERT INTO products (id,name) VALUES (933,'test'),alice,10.0.0.21
INSERT INTO inventory (id,name) VALUES (683,'test'),alice,192.168.1.47
INSERT INTO users (id,name) VALUES (439,'test'),svc,192.168.1.55
INSERT INTO users (id,name) VALUES (272,'test'),guest,192.168.1.34
INSERT INTO sessions (id,name) VALUES (290,'test'),svc,192.168.1.58
INSERT INTO products (id,name) VALUES (885,'test'),admin,192.168.1.24
INSERT INTO products (id,name) VALUES (799,'test'),alice,10.0.0.23
INSERT INTO inventory (id,name) VALUES (781,'test'),alice,192.168.1.54
INSERT INTO sessions (id,name) VALUES (657,'test'),analyst,192.168.1.55
INSERT INTO users (id,name) VALUES (651,'test'),alice,10.0.0.7
INSERT INTO reviews (id,name) VALUES (840,'test'),svc,10.0.0.1
INSERT INTO logs (id,name) VALUES (691,'test'),alice,192.168.1.22
INSERT INTO orders (id,name) VALUES (236,'test'),admin,10.0.0.24
INSERT INTO orders (id,name) VALUES (7,'test'),svc,10.0.0.27
INSERT INTO products (id,name) VALUES (976,'test'),alice,192.168.1.18
INSERT INTO inventory (id,name) VALUES (887,'test'),alice,192.168.1.15
INSERT INTO products (id,name) VALUES (460,'test'),admin,192.168.1.24
INSERT INTO inventory (id,name) VALUES (303,'test'),charlie,192.168.1.32
INSERT INTO logs (id,name) VALUES (541,'test'),bob,192.168.1.34
INSERT INTO reviews (id,name) VALUES (8,'test'),alice,192.168.1.29
INSERT INTO logs (id,name) VALUES (393,'test'),guest,192.168.1.44
INSERT INTO reviews (id,name) VALUES (32,'test'),charlie,10.0.0.20
INSERT INTO logs (id,name) VALUES (503,'test'),charlie,192.168.1.36
INSERT INTO logs (id,name) VALUES (827,'test'),analyst,192.168.1.45
INSERT INTO products (id,name) VALUES (454,'test'),svc,192.168.1.52
INSERT INTO users (id,name) VALUES (450,'test'),guest,10.0.0.9
INSERT INTO products (id,name) VALUES (548,'test'),admin,192.168.1.15
INSERT INTO logs (id,name) VALUES (729,'test'),alice,10.0.0.18
INSERT INTO orders (id,name) VALUES (83,'test'),alice,10.0.0.20
INSERT INTO users (id,name) VALUES (386,'test'),bob,192.168.1.48
INSERT INTO products (id,name) VALUES (908,'test'),analyst,10.0.0.19
INSERT INTO reviews (id,name) VALUES (828,'test'),alice,10.0.0.5
INSERT INTO products (id,name) VALUES (77,'test'),charlie,192.168.1.19
INSERT INTO inventory (id,name) VALUES (349,'test'),bob,192.168.1.18
INSERT INTO logs (id,name) VALUES (84,'test'),charlie,10.0.0.5
INSERT INTO reviews (id,name) VALUES (100,'test'),alice,192.168.1.37
INSERT INTO inventory (id,name) VALUES (460,'test'),admin,10.0.0.20
INSERT INTO products (id,name) VALUES (788,'test'),analyst,192.168.1.40
INSERT INTO reviews (id,name) VALUES (290,'test'),bob,192.168.1.11
INSERT INTO orders (id,name) VALUES (281,'test'),alice,10.0.0.28
INSERT INTO logs (id,name) VALUES (907,'test'),svc,192.168.1.29
INSERT INTO products (id,name) VALUES (941,'test'),charlie,192.168.1.39
INSERT INTO users (id,name) VALUES (246,'test'),analyst,192.168.1.53
INSERT INTO users (id,name) VALUES (161,'test'),svc,10.0.0.5
INSERT INTO inventory (id,name) VALUES (377,'test'),guest,10.0.0.28
INSERT INTO inventory (id,name) VALUES (287,'test'),svc,192.168.1.26
INSERT INTO reviews (id,name) VALUES (400,'test'),analyst,192.168.1.40
INSERT INTO orders (id,name) VALUES (787,'test'),admin,192.168.1.16
INSERT INTO orders (id,name) VALUES (158,'test'),analyst,192.168.1.38
INSERT INTO products (id,name) VALUES (26,'test'),admin,10.0.0.17
INSERT INTO reviews (id,name) VALUES (772,'test'),alice,192.168.1.32
INSERT INTO sessions (id,name) VALUES (716,'test'),bob,192.168.1.58
INSERT INTO products (id,name) VALUES (410,'test'),admin,192.168.1.37
INSERT INTO logs (id,name) VALUES (743,'test'),alice,192.168.1.55
INSERT INTO sessions (id,name) VALUES (835,'test'),guest,192.168.1.56
INSERT INTO users (id,name) VALUES (873,'test'),alice,10.0.0.5
INSERT INTO inventory (id,name) VALUES (892,'test'),guest,192.168.1.20
INSERT INTO products (id,name) VALUES (956,'test'),bob,192.168.1.34
INSERT INTO inventory (id,name) VALUES (701,'test'),guest,192.168.1.52
INSERT INTO logs (id,name) VALUES (859,'test'),bob,192.168.1.38
INSERT INTO users (id,name) VALUES (363,'test'),admin,192.168.1.39
INSERT INTO users (id,name) VALUES (129,'test'),charlie,192.168.1.59
INSERT INTO reviews (id,name) VALUES (258,'test'),charlie,192.168.1.27
INSERT INTO users (id,name) VALUES (207,'test'),bob,192.168.1.12
INSERT INTO orders (id,name) VALUES (85,'test'),admin,192.168.1.17
INSERT INTO reviews (id,name) VALUES (435,'test'),alice,10.0.0.17
INSERT INTO inventory (id,name) VALUES (141,'test'),alice,10.0.0.2
INSERT INTO reviews (id,name) VALUES (760,'test'),charlie,192.168.1.58
INSERT INTO inventory (id,name) VALUES (605,'test'),charlie,192.168.1.23
INSERT INTO reviews (id,name) VALUES (428,'test'),svc,192.168.1.52
INSERT INTO orders (id,name) VALUES (88,'test'),svc,192.168.1.43
INSERT INTO users (id,name) VALUES (805,'test'),bob,192.168.1.21
INSERT INTO sessions (id,name) VALUES (199,'test'),bob,10.0.0.15
INSERT INTO sessions (id,name) VALUES (156,'test'),bob,192.168.1.20
INSERT INTO orders (id,name) VALUES (629,'test'),alice,192.168.1.34
INSERT INTO logs (id,name) VALUES (836,'test'),guest,192.168.1.31
INSERT INTO reviews (id,name) VALUES (826,'test'),admin,192.168.1.31
INSERT INTO orders (id,name) VALUES (725,'test'),alice,192.168.1.28
INSERT INTO sessions (id,name) VALUES (625,'test'),charlie,10.0.0.24
INSERT INTO sessions (id,name) VALUES (721,'test'),alice,10.0.0.18
INSERT INTO products (id,name) VALUES (830,'test'),charlie,192.168.1.45
INSERT INTO logs (id,name) VALUES (775,'test'),bob,192.168.1.34
INSERT INTO sessions (id,name) VALUES (219,'test'),admin,192.168.1.59
INSERT INTO products (id,name) VALUES (11,'test'),alice,192.168.1.38
INSERT INTO users (id,name) VALUES (40,'test'),charlie,192.168.1.46
INSERT INTO products (id,name) VALUES (808,'test'),analyst,192.168.1.45
INSERT INTO reviews (id,name) VALUES (749,'test'),analyst,192.168.1.49
INSERT INTO sessions (id,name) VALUES (50,'test'),admin,192.168.1.32
INSERT INTO sessions (id,name) VALUES (425,'test'),guest,192.168.1.31
INSERT INTO logs (id,name) VALUES (327,'test'),bob,10.0.0.12
INSERT INTO orders (id,name) VALUES (591,'test'),analyst,192.168.1.18
UPDATE sessions SET name='updated' WHERE id=24,charlie,192.168.1.21
UPDATE reviews SET name='updated' WHERE id=426,analyst,10.0.0.7
UPDATE products SET name='updated' WHERE id=420,bob,10.0.0.29
UPDATE orders SET name='updated' WHERE id=638,analyst,192.168.1.34
UPDATE logs SET name='updated' WHERE id=405,alice,10.0.0.26
UPDATE sessions SET name='updated' WHERE id=597,alice,192.168.1.41
UPDATE inventory SET name='updated' WHERE id=912,bob,192.168.1.53
UPDATE products SET name='updated' WHERE id=683,svc,10.0.0.13
UPDATE reviews SET name='updated' WHERE id=695,svc,192.168.1.50
UPDATE orders SET name='updated' WHERE id=24,guest,192.168.1.54
UPDATE sessions SET name='updated' WHERE id=399,alice,10.0.0.27
UPDATE sessions SET name='updated' WHERE id=804,admin,192.168.1.28
UPDATE sessions SET name='updated' WHERE id=149,alice,192.168.1.30
UPDATE users SET name='updated' WHERE id=545,alice,10.0.0.1
UPDATE orders SET name='updated' WHERE id=152,guest,10.0.0.16
UPDATE users SET name='updated' WHERE id=199,alice,192.168.1.57
UPDATE products SET name='updated' WHERE id=691,svc,192.168.1.19
UPDATE users SET name='updated' WHERE id=578,charlie,192.168.1.24
UPDATE users SET name='updated' WHERE id=695,charlie,192.168.1.57
UPDATE reviews SET name='updated' WHERE id=390,bob,192.168.1.10
UPDATE reviews SET name='updated' WHERE id=573,analyst,192.168.1.14
UPDATE products SET name='updated' WHERE id=534,svc,10.0.0.12
UPDATE logs SET name='updated' WHERE id=531,guest,192.168.1.10
UPDATE orders SET name='updated' WHERE id=366,svc,192.168.1.13
UPDATE orders SET name='updated' WHERE id=147,guest,192.168.1.52
UPDATE sessions SET name='updated' WHERE id=9,analyst,192.168.1.59
UPDATE orders SET name='updated' WHERE id=762,analyst,192.168.1.51
UPDATE logs SET name='updated' WHERE id=576,svc,192.168.1.39
UPDATE products SET name='updated' WHERE id=165,svc,10.0.0.3
UPDATE logs SET name='updated' WHERE id=174,analyst,192.168.1.41
UPDATE users SET name='updated' WHERE id=872,alice,192.168.1.56
UPDATE logs SET name='updated' WHERE id=226,analyst,10.0.0.21
UPDATE products SET name='updated' WHERE id=227,guest,10.0.0.7
UPDATE products SET name='updated' WHERE id=963,bob,10.0.0.13
UPDATE users SET name='updated' WHERE id=352,guest,192.168.1.18
UPDATE products SET name='updated' WHERE id=989,analyst,192.168.1.46
UPDATE inventory SET name='updated' WHERE id=772,svc,192.168.1.10
UPDATE reviews SET name='updated' WHERE id=239,bob,10.0.0.24
UPDATE reviews SET name='updated' WHERE id=611,charlie,192.168.1.26
UPDATE reviews SET name='updated' WHERE id=555,analyst,10.0.0.19
UPDATE users SET name='updated' WHERE id=313,svc,192.168.1.46
UPDATE logs SET name='updated' WHERE id=960,analyst,192.168.1.58
UPDATE sessions SET name='updated' WHERE id=936,svc,192.168.1.14
UPDATE sessions SET name='updated' WHERE id=238,guest,192.168.1.32
UPDATE sessions SET name='updated' WHERE id=978,bob,192.168.1.19
UPDATE users SET name='updated' WHERE id=696,guest,192.168.1.26
UPDATE logs SET name='updated' WHERE id=819,bob,192.168.1.25
UPDATE users SET name='updated' WHERE id=978,bob,10.0.0.18
UPDATE inventory SET name='updated' WHERE id=728,charlie,192.168.1.43
UPDATE products SET name='updated' WHERE id=886,admin,192.168.1.42
UPDATE sessions SET name='updated' WHERE id=777,alice,10.0.0.4
UPDATE users SET name='updated' WHERE id=509,bob,10.0.0.5
UPDATE reviews SET name='updated' WHERE id=624,charlie,192.168.1.34
UPDATE sessions SET name='updated' WHERE id=86,bob,10.0.0.7
UPDATE products SET name='updated' WHERE id=117,alice,10.0.0.22
UPDATE sessions SET name='updated' WHERE id=56,analyst,10.0.0.27
UPDATE reviews SET name='updated' WHERE id=668,charlie,10.0.0.12
UPDATE inventory SET name='updated' WHERE id=368,alice,10.0.0.29
UPDATE reviews SET name='updated' WHERE id=678,guest,10.0.0.11
UPDATE inventory SET name='updated' WHERE id=452,alice,10.0.0.29
UPDATE logs SET name='updated' WHERE id=616,bob,192.168.1.54
UPDATE reviews SET name='updated' WHERE id=372,admin,192.168.1.39
UPDATE sessions SET name='updated' WHERE id=367,guest,192.168.1.45
UPDATE reviews SET name='updated' WHERE id=258,bob,192.168.1.19
UPDATE logs SET name='updated' WHERE id=382,alice,192.168.1.39
UPDATE logs SET name='updated' WHERE id=788,alice,192.168.1.50
UPDATE products SET name='updated' WHERE id=591,analyst,192.168.1.50
UPDATE logs SET name='updated' WHERE id=633,alice,10.0.0.22
UPDATE inventory SET name='updated' WHERE id=696,admin,192.168.1.44
UPDATE reviews SET name='updated' WHERE id=384,charlie,192.168.1.57
UPDATE reviews SET name='updated' WHERE id=124,alice,192.168.1.33
UPDATE products SET name='updated' WHERE id=302,analyst,192.168.1.33
UPDATE inventory SET name='updated' WHERE id=856,analyst,10.0.0.5
UPDATE users SET name='updated' WHERE id=338,analyst,10.0.0.18
UPDATE products SET name='updated' WHERE id=219,charlie,192.168.1.44
UPDATE reviews SET name='updated' WHERE id=999,admin,192.168.1.22
UPDATE sessions SET name='updated' WHERE id=976,admin,192.168.1.20
UPDATE users SET name='updated' WHERE id=887,guest,192.168.1.47
UPDATE orders SET name='updated' WHERE id=674,bob,192.168.1.14
UPDATE logs SET name='updated' WHERE id=746,admin,10.0.0.25
UPDATE products SET name='updated' WHERE id=491,guest,10.0.0.18
UPDATE orders SET name='updated' WHERE id=624,guest,192.168.1.18
UPDATE reviews SET name='updated' WHERE id=689,admin,10.0.0.21
UPDATE orders SET name='updated' WHERE id=852,guest,10.0.0.16
UPDATE logs SET name='updated' WHERE id=903,bob,192.168.1.38
UPDATE sessions SET name='updated' WHERE id=344,bob,192.168.1.11
UPDATE orders SET name='updated' WHERE id=678,svc,192.168.1.20
UPDATE logs SET name='updated' WHERE id=473,svc,10.0.0.19
UPDATE users SET name='updated' WHERE id=713,charlie,192.168.1.43
UPDATE reviews SET name='updated' WHERE id=404,alice,192.168.1.23
UPDATE logs SET name='updated' WHERE id=366,svc,192.168.1.25
UPDATE orders SET name='updated' WHERE id=760,guest,192.168.1.58
UPDATE reviews SET name='updated' WHERE id=404,admin,192.168.1.43
UPDATE users SET name='updated' WHERE id=864,analyst,10.0.0.5
UPDATE reviews SET name='updated' WHERE id=720,svc,192.168.1.30
UPDATE reviews SET name='updated' WHERE id=346,charlie,192.168.1.15
UPDATE sessions SET name='updated' WHERE id=426,guest,192.168.1.45
UPDATE inventory SET name='updated' WHERE id=506,charlie,192.168.1.58
UPDATE inventory SET name='updated' WHERE id=370,alice,192.168.1.48
UPDATE users SET name='updated' WHERE id=590,svc,10.0.0.8
UPDATE reviews SET name='updated' WHERE id=216,admin,192.168.1.21
UPDATE users SET name='updated' WHERE id=776,charlie,10.0.0.26
UPDATE products SET name='updated' WHERE id=397,bob,10.0.0.7
UPDATE reviews SET name='updated' WHERE id=438,svc,192.168.1.21
UPDATE sessions SET name='updated' WHERE id=733,admin,192.168.1.39
UPDATE products SET name='updated' WHERE id=216,guest,192.168.1.25
UPDATE logs SET name='updated' WHERE id=757,svc,192.168.1.36
UPDATE orders SET name='updated' WHERE id=803,alice,192.168.1.47
UPDATE sessions SET name='updated' WHERE id=124,bob,10.0.0.7
UPDATE products SET name='updated' WHERE id=8,guest,10.0.0.5
UPDATE orders SET name='updated' WHERE id=574,guest,192.168.1.57
UPDATE reviews SET name='updated' WHERE id=433,guest,192.168.1.49
UPDATE users SET name='updated' WHERE id=563,admin,10.0.0.10
UPDATE inventory SET name='updated' WHERE id=189,svc,192.168.1.38
UPDATE users SET name='updated' WHERE id=639,guest,10.0.0.12
UPDATE sessions SET name='updated' WHERE id=766,admin,192.168.1.57
UPDATE logs SET name='updated' WHERE id=104,admin,192.168.1.28
UPDATE users SET name='updated' WHERE id=669,analyst,192.168.1.23
UPDATE logs SET name='updated' WHERE id=893,alice,192.168.1.44
UPDATE sessions SET name='updated' WHERE id=956,guest,192.168.1.10
UPDATE users SET name='updated' WHERE id=204,guest,192.168.1.31
UPDATE reviews SET name='updated' WHERE id=746,alice,192.168.1.32
UPDATE users SET name='updated' WHERE id=817,analyst,10.0.0.29
UPDATE users SET name='updated' WHERE id=72,guest,192.168.1.14
UPDATE reviews SET name='updated' WHERE id=386,bob,192.168.1.18
UPDATE logs SET name='updated' WHERE id=105,alice,10.0.0.16
UPDATE users SET name='updated' WHERE id=68,svc,192.168.1.32
UPDATE orders SET name='updated' WHERE id=587,admin,192.168.1.55
UPDATE orders SET name='updated' WHERE id=791,alice,10.0.0.13
UPDATE reviews SET name='updated' WHERE id=939,charlie,192.168.1.49
UPDATE orders SET name='updated' WHERE id=727,svc,10.0.0.18
UPDATE inventory SET name='updated' WHERE id=413,bob,10.0.0.11
UPDATE inventory SET name='updated' WHERE id=264,guest,10.0.0.28
UPDATE users SET name='updated' WHERE id=730,guest,192.168.1.48
UPDATE orders SET name='updated' WHERE id=706,alice,192.168.1.31
UPDATE inventory SET name='updated' WHERE id=801,svc,192.168.1.12
UPDATE reviews SET name='updated' WHERE id=327,charlie,192.168.1.19
UPDATE users SET name='updated' WHERE id=713,guest,192.168.1.25
UPDATE sessions SET name='updated' WHERE id=688,bob,192.168.1.32
UPDATE sessions SET name='updated' WHERE id=951,alice,10.0.0.28
UPDATE orders SET name='updated' WHERE id=655,svc,192.168.1.33
UPDATE reviews SET name='updated' WHERE id=727,bob,192.168.1.55
UPDATE products SET name='updated' WHERE id=370,analyst,10.0.0.4
UPDATE orders SET name='updated' WHERE id=574,charlie,192.168.1.18
UPDATE reviews SET name='updated' WHERE id=974,bob,192.168.1.52
UPDATE reviews SET name='updated' WHERE id=771,charlie,10.0.0.8
UPDATE reviews SET name='updated' WHERE id=723,admin,10.0.0.12
UPDATE reviews SET name='updated' WHERE id=976,alice,192.168.1.24
UPDATE reviews SET name='updated' WHERE id=158,alice,192.168.1.58
UPDATE orders SET name='updated' WHERE id=138,admin,10.0.0.16
DELETE FROM logs WHERE id=676,svc,10.0.0.11
DELETE FROM products WHERE id=831,charlie,10.0.0.19
DELETE FROM inventory WHERE id=973,guest,10.0.0.28
DELETE FROM products WHERE id=932,alice,192.168.1.58
DELETE FROM products WHERE id=495,svc,192.168.1.40
DELETE FROM inventory WHERE id=527,svc,192.168.1.24
DELETE FROM inventory WHERE id=620,alice,192.168.1.26
DELETE FROM logs WHERE id=942,alice,10.0.0.8
DELETE FROM products WHERE id=521,charlie,192.168.1.56
DELETE FROM products WHERE id=664,alice,192.168.1.16
DELETE FROM reviews WHERE id=730,admin,10.0.0.20
DELETE FROM users WHERE id=968,charlie,192.168.1.31
DELETE FROM products WHERE id=445,charlie,192.168.1.28
DELETE FROM sessions WHERE id=674,guest,192.168.1.13
DELETE FROM users WHERE id=535,admin,192.168.1.45
DELETE FROM inventory WHERE id=829,charlie,192.168.1.28
DELETE FROM inventory WHERE id=925,admin,192.168.1.28
DELETE FROM sessions WHERE id=638,charlie,192.168.1.44
DELETE FROM inventory WHERE id=180,analyst,10.0.0.19
DELETE FROM users WHERE id=363,alice,192.168.1.46
DELETE FROM orders WHERE id=897,analyst,192.168.1.47
DELETE FROM products WHERE id=3,bob,10.0.0.1
DELETE FROM inventory WHERE id=489,guest,192.168.1.20
DELETE FROM logs WHERE id=726,svc,192.168.1.43
DELETE FROM logs WHERE id=842,charlie,192.168.1.23
DELETE FROM sessions WHERE id=455,analyst,192.168.1.10
DELETE FROM products WHERE id=297,svc,192.168.1.30
DELETE FROM sessions WHERE id=223,bob,10.0.0.15
DELETE FROM logs WHERE id=643,bob,192.168.1.51
DELETE FROM logs WHERE id=708,svc,192.168.1.32
DELETE FROM reviews WHERE id=948,guest,192.168.1.24
DELETE FROM reviews WHERE id=210,admin,10.0.0.4
DELETE FROM users WHERE id=427,admin,192.168.1.17
DELETE FROM inventory WHERE id=104,bob,10.0.0.3
DELETE FROM orders WHERE id=349,admin,192.168.1.20
DELETE FROM orders WHERE id=370,svc,10.0.0.13
DELETE FROM reviews WHERE id=226,analyst,192.168.1.52
DELETE FROM products WHERE id=291,guest,192.168.1.39
DELETE FROM orders WHERE id=23,analyst,192.168.1.55
DELETE FROM sessions WHERE id=144,svc,10.0.0.6
DELETE FROM users WHERE id=268,bob,192.168.1.51
DELETE FROM logs WHERE id=949,charlie,10.0.0.4
DELETE FROM orders WHERE id=766,svc,192.168.1.33
DELETE FROM inventory WHERE id=16,svc,10.0.0.10
DELETE FROM users WHERE id=597,guest,192.168.1.23
DELETE FROM sessions WHERE id=506,svc,192.168.1.12
DELETE FROM logs WHERE id=899,alice,10.0.0.27
DELETE FROM users WHERE id=998,charlie,192.168.1.47
DELETE FROM logs WHERE id=857,alice,192.168.1.29
DELETE FROM products WHERE id=885,analyst,192.168.1.57
DELETE FROM reviews WHERE id=366,svc,192.168.1.59
DELETE FROM logs WHERE id=244,analyst,192.168.1.42
DELETE FROM reviews WHERE id=915,charlie,10.0.0.15
DELETE FROM products WHERE id=515,bob,10.0.0.22
DELETE FROM inventory WHERE id=266,charlie,192.168.1.45
DELETE FROM reviews WHERE id=998,charlie,192.168.1.46
DELETE FROM logs WHERE id=201,analyst,192.168.1.42
DELETE FROM orders WHERE id=826,charlie,192.168.1.47
DELETE FROM sessions WHERE id=648,charlie,192.168.1.49
DELETE FROM reviews WHERE id=404,svc,192.168.1.44
DELETE FROM users WHERE id=671,charlie,10.0.0.3
DELETE FROM logs WHERE id=111,admin,192.168.1.37
DELETE FROM sessions WHERE id=933,svc,10.0.0.23
DELETE FROM logs WHERE id=939,svc,192.168.1.17
DELETE FROM sessions WHERE id=7,svc,10.0.0.8
DELETE FROM reviews WHERE id=673,admin,192.168.1.19
DELETE FROM inventory WHERE id=123,charlie,10.0.0.4
DELETE FROM logs WHERE id=993,bob,192.168.1.43
DELETE FROM users WHERE id=537,svc,10.0.0.11
DELETE FROM sessions WHERE id=92,svc,10.0.0.29
DELETE FROM sessions WHERE id=212,admin,192.168.1.34
DELETE FROM orders WHERE id=595,bob,10.0.0.18
DELETE FROM products WHERE id=880,svc,192.168.1.34
DELETE FROM sessions WHERE id=358,charlie,10.0.0.6
DELETE FROM sessions WHERE id=153,charlie,10.0.0.10
DELETE FROM products WHERE id=21,analyst,192.168.1.44
DELETE FROM reviews WHERE id=843,charlie,192.168.1.46
DELETE FROM users WHERE id=32,svc,192.168.1.32
DELETE FROM logs WHERE id=238,alice,192.168.1.12
DELETE FROM orders WHERE id=520,admin,192.168.1.41
DELETE FROM orders WHERE id=458,charlie,192.168.1.55
DELETE FROM inventory WHERE id=606,admin,192.168.1.29
DELETE FROM reviews WHERE id=813,svc,192.168.1.15
DELETE FROM reviews WHERE id=100,analyst,192.168.1.28
DELETE FROM reviews WHERE id=118,guest,192.168.1.33
DELETE FROM sessions WHERE id=194,admin,192.168.1.12
DELETE FROM sessions WHERE id=475,analyst,10.0.0.27
DELETE FROM products WHERE id=567,alice,192.168.1.15
DELETE FROM sessions WHERE id=376,admin,10.0.0.1
DELETE FROM sessions WHERE id=818,guest,192.168.1.12
DELETE FROM inventory WHERE id=982,charlie,192.168.1.56
DELETE FROM products WHERE id=378,charlie,192.168.1.57
DELETE FROM users WHERE id=68,admin,192.168.1.52
DELETE FROM products WHERE id=908,charlie,10.0.0.21
DELETE FROM orders WHERE id=807,admin,192.168.1.40
DELETE FROM reviews WHERE id=120,alice,192.168.1.53
DELETE FROM inventory WHERE id=997,analyst,192.168.1.23
DELETE FROM inventory WHERE id=815,svc,10.0.0.22
DELETE FROM products WHERE id=57,alice,10.0.0.12
DELETE FROM reviews WHERE id=135,analyst,192.168.1.39
SELECT COUNT(*),status FROM inventory GROUP BY status,bob,192.168.1.56
SELECT COUNT(*),status FROM products GROUP BY status,alice,10.0.0.13
SELECT COUNT(*),status FROM products GROUP BY status,alice,192.168.1.45
SELECT COUNT(*),status FROM orders GROUP BY status,bob,192.168.1.26
SELECT COUNT(*),status FROM users GROUP BY status,bob,192.168.1.37
SELECT COUNT(*),status FROM inventory GROUP BY status,svc,10.0.0.6
SELECT COUNT(*),status FROM sessions GROUP BY status,analyst,10.0.0.21
SELECT COUNT(*),status FROM users GROUP BY status,analyst,192.168.1.31
SELECT COUNT(*),status FROM users GROUP BY status,admin,192.168.1.31
SELECT COUNT(*),status FROM logs GROUP BY status,admin,192.168.1.37
SELECT COUNT(*),status FROM users GROUP BY status,charlie,10.0.0.7
SELECT COUNT(*),status FROM inventory GROUP BY status,alice,10.0.0.1
SELECT COUNT(*),status FROM orders GROUP BY status,analyst,192.168.1.47
SELECT COUNT(*),status FROM orders GROUP BY status,analyst,192.168.1.52
SELECT COUNT(*),status FROM users GROUP BY status,alice,192.168.1.39
SELECT COUNT(*),status FROM reviews GROUP BY status,guest,192.168.1.12
SELECT COUNT(*),status FROM inventory GROUP BY status,svc,192.168.1.31
SELECT COUNT(*),status FROM orders GROUP BY status,admin,192.168.1.20
SELECT COUNT(*),status FROM orders GROUP BY status,svc,192.168.1.19
SELECT COUNT(*),status FROM orders GROUP BY status,bob,192.168.1.46
SELECT COUNT(*),status FROM products GROUP BY status,analyst,10.0.0.10
SELECT COUNT(*),status FROM reviews GROUP BY status,svc,192.168.1.15
SELECT COUNT(*),status FROM logs GROUP BY status,alice,10.0.0.3
SELECT COUNT(*),status FROM reviews GROUP BY status,admin,192.168.1.51
SELECT COUNT(*),status FROM orders GROUP BY status,bob,192.168.1.15
SELECT COUNT(*),status FROM sessions GROUP BY status,admin,10.0.0.16
SELECT COUNT(*),status FROM sessions GROUP BY status,guest,192.168.1.34
SELECT COUNT(*),status FROM products GROUP BY status,bob,192.168.1.27
SELECT COUNT(*),status FROM products GROUP BY status,svc,192.168.1.44
SELECT COUNT(*),status FROM users GROUP BY status,alice,10.0.0.11
SELECT COUNT(*),status FROM orders GROUP BY status,svc,192.168.1.23
SELECT COUNT(*),status FROM orders GROUP BY status,guest,192.168.1.31
SELECT COUNT(*),status FROM users GROUP BY status,analyst,10.0.0.19
SELECT COUNT(*),status FROM inventory GROUP BY status,alice,192.168.1.20
SELECT COUNT(*),status FROM products GROUP BY status,analyst,10.0.0.1
SELECT COUNT(*),status FROM orders GROUP BY status,svc,192.168.1.19
SELECT COUNT(*),status FROM inventory GROUP BY status,charlie,192.168.1.43
SELECT COUNT(*),status FROM logs GROUP BY status,guest,192.168.1.12
SELECT COUNT(*),status FROM orders GROUP BY status,guest,10.0.0.24
SELECT COUNT(*),status FROM users GROUP BY status,alice,10.0.0.23
SELECT COUNT(*),status FROM orders GROUP BY status,analyst,10.0.0.13
SELECT COUNT(*),status FROM orders GROUP BY status,svc,10.0.0.27
SELECT COUNT(*),status FROM orders GROUP BY status,svc,192.168.1.56
SELECT COUNT(*),status FROM products GROUP BY status,admin,192.168.1.47
SELECT COUNT(*),status FROM logs GROUP BY status,svc,10.0.0.5
SELECT COUNT(*),status FROM logs GROUP BY status,bob,10.0.0.12
SELECT COUNT(*),status FROM inventory GROUP BY status,alice,10.0.0.14
SELECT COUNT(*),status FROM logs GROUP BY status,alice,10.0.0.8
SELECT COUNT(*),status FROM reviews GROUP BY status,charlie,192.168.1.47
SELECT COUNT(*),status FROM logs GROUP BY status,charlie,192.168.1.49
SELECT COUNT(*),status FROM users GROUP BY status,bob,10.0.0.16
SELECT COUNT(*),status FROM inventory GROUP BY status,analyst,10.0.0.20
SELECT COUNT(*),status FROM products GROUP BY status,bob,192.168.1.36
SELECT COUNT(*),status FROM inventory GROUP BY status,bob,10.0.0.27
SELECT COUNT(*),status FROM products GROUP BY status,charlie,10.0.0.2
SELECT COUNT(*),status FROM sessions GROUP BY status,guest,10.0.0.4
SELECT COUNT(*),status FROM users GROUP BY status,guest,192.168.1.29
SELECT COUNT(*),status FROM orders GROUP BY status,alice,192.168.1.58
SELECT COUNT(*),status FROM orders GROUP BY status,charlie,192.168.1.52
SELECT COUNT(*),status FROM sessions GROUP BY status,charlie,192.168.1.33
SELECT COUNT(*),status FROM reviews GROUP BY status,analyst,192.168.1.57
SELECT COUNT(*),status FROM logs GROUP BY status,alice,10.0.0.28
SELECT COUNT(*),status FROM users GROUP BY status,bob,10.0.0.7
SELECT COUNT(*),status FROM inventory GROUP BY status,admin,192.168.1.31
SELECT COUNT(*),status FROM users GROUP BY status,admin,192.168.1.57
SELECT COUNT(*),status FROM orders GROUP BY status,guest,10.0.0.9
SELECT COUNT(*),status FROM products GROUP BY status,charlie,10.0.0.9
SELECT COUNT(*),status FROM users GROUP BY status,bob,192.168.1.32
SELECT COUNT(*),status FROM sessions GROUP BY status,analyst,192.168.1.57
SELECT COUNT(*),status FROM logs GROUP BY status,alice,192.168.1.19
SELECT COUNT(*),status FROM users GROUP BY status,charlie,192.168.1.58
SELECT COUNT(*),status FROM products GROUP BY status,admin,10.0.0.6
SELECT COUNT(*),status FROM reviews GROUP BY status,svc,192.168.1.24
SELECT COUNT(*),status FROM sessions GROUP BY status,svc,10.0.0.24
SELECT COUNT(*),status FROM logs GROUP BY status,charlie,10.0.0.26
SELECT COUNT(*),status FROM sessions GROUP BY status,alice,192.168.1.12
SELECT COUNT(*),status FROM orders GROUP BY status,svc,10.0.0.24
SELECT COUNT(*),status FROM sessions GROUP BY status,charlie,192.168.1.27
SELECT COUNT(*),status FROM orders GROUP BY status,svc,192.168.1.15
SELECT COUNT(*),status FROM logs GROUP BY status,analyst,192.168.1.39
SELECT COUNT(*),status FROM logs GROUP BY status,alice,192.168.1.27
SELECT COUNT(*),status FROM reviews GROUP BY status,admin,10.0.0.10
SELECT COUNT(*),status FROM reviews GROUP BY status,bob,10.0.0.19
SELECT COUNT(*),status FROM users GROUP BY status,svc,192.168.1.26
SELECT COUNT(*),status FROM reviews GROUP BY status,bob,192.168.1.53
SELECT COUNT(*),status FROM products GROUP BY status,bob,192.168.1.22
SELECT COUNT(*),status FROM products GROUP BY status,admin,10.0.0.5
SELECT COUNT(*),status FROM logs GROUP BY status,svc,192.168.1.19
SELECT COUNT(*),status FROM orders GROUP BY status,alice,10.0.0.5
SELECT COUNT(*),status FROM sessions GROUP BY status,svc,192.168.1.15
SELECT COUNT(*),status FROM users GROUP BY status,analyst,192.168.1.23
SELECT COUNT(*),status FROM products GROUP BY status,guest,192.168.1.44
SELECT COUNT(*),status FROM logs GROUP BY status,admin,192.168.1.51
SELECT COUNT(*),status FROM sessions GROUP BY status,alice,192.168.1.27
SELECT COUNT(*),status FROM orders GROUP BY status,admin,192.168.1.31
SELECT COUNT(*),status FROM orders GROUP BY status,admin,10.0.0.6
SELECT COUNT(*),status FROM inventory GROUP BY status,admin,192.168.1.38
SELECT COUNT(*),status FROM logs GROUP BY status,alice,192.168.1.31
SELECT COUNT(*),status FROM users GROUP BY status,guest,192.168.1.38
SELECT COUNT(*),status FROM logs GROUP BY status,guest,192.168.1.25
SELECT id, name FROM products WHERE category = 'books',alice,192.168.1.10
SELECT COUNT(*) FROM orders WHERE status = 'pending',bob,10.0.0.5
INSERT INTO cart (user_id, product_id, qty) VALUES (5, 12, 1),charlie,192.168.1.20
UPDATE users SET last_login = NOW() WHERE id = 3,alice,192.168.1.10
SELECT p.name, c.name FROM products p JOIN categories c ON p.cat_id = c.id LIMIT 20,dave,10.0.0.8
DELETE FROM sessions WHERE expires < NOW(),svc,10.0.0.1
SELECT COUNT(*), status FROM orders GROUP BY status,analyst,10.0.0.15